Date,Total_Sales,Total_Quantity,Transactions
2014-01-03,16.448,2,1
2014-01-04,288.06,8,1
2014-01-05,19.536,3,1
2014-01-06,4407.1,30,3
2014-01-07,87.15799999999999,10,1
2014-01-09,40.544,5,1
2014-01-10,54.83,2,1
2014-01-11,9.94,2,1
2014-01-13,3553.795,48,4
2014-01-14,61.96,4,1
2014-01-15,149.95,5,1
2014-01-16,299.964,14,1
2014-01-18,64.864,4,1
2014-01-19,378.594,24,1
2014-01-20,2673.87,58,4
2014-01-21,25.248,3,1
2014-01-23,46.019999999999996,9,2
2014-01-26,1097.25,38,2
2014-01-27,426.67,8,1
2014-01-28,3.928,1,1
2014-01-30,240.5,4,1
2014-01-31,290.666,2,1
2014-02-01,468.9,6,1
2014-02-02,211.64600000000002,12,2
2014-02-03,97.11200000000001,5,1
2014-02-04,134.38400000000001,9,2
2014-02-06,330.512,12,2
2014-02-07,180.32,11,2
2014-02-08,14.56,2,1
2014-02-11,2043.4,25,2
2014-02-12,129.568,2,1
2014-02-14,576.726,10,2
2014-02-15,21.36,5,1
2014-02-16,9.04,5,1
2014-02-17,54.208,14,1
2014-02-18,37.784,7,2
2014-02-20,95.59,9,2
2014-02-21,8.85,5,1
2014-02-22,19.44,3,1
2014-02-23,11.364,6,1
2014-02-24,55.672,7,1
2014-02-27,19.456,4,1
2014-03-01,2203.151,40,5
2014-03-02,202.384,11,2
2014-03-03,1345.8919999999998,35,5
2014-03-04,370.452,8,2
2014-03-05,705.562,16,1
2014-03-07,1561.062,27,3
2014-03-10,741.956,9,2
2014-03-11,918.314,39,4
2014-03-14,2108.55,38,5
2014-03-15,370.78200000000004,14,1
2014-03-16,471.92,2,1
2014-03-17,3960.358,82,5
2014-03-18,28106.716,48,3
2014-03-19,590.762,23,1
2014-03-21,4109.816,39,4
2014-03-22,464.09299999999996,17,3
2014-03-23,945.064,11,2
2014-03-24,65.38,7,2
2014-03-25,459.146,21,2
2014-03-26,145.13,16,3
2014-03-28,1823.8039999999999,11,3
2014-03-29,890.841,3,1
2014-03-30,1170.3220000000001,39,6
2014-03-31,1959.552,29,5
2014-04-01,119.88799999999999,12,2
2014-04-02,1458.558,29,3
2014-04-03,233.45,7,1
2014-04-04,475.844,25,4
2014-04-05,5295.098000000001,54,5
2014-04-06,1650.69,38,5
2014-04-07,1021.1700000000001,22,3
2014-04-08,1958.75,27,5
2014-04-11,1915.24,37,4
2014-04-12,1912.123,35,3
2014-04-13,638.576,42,2
2014-04-15,294.71999999999997,6,1
2014-04-16,39.072,6,1
2014-04-18,1020.532,26,2
2014-04-19,205.47,17,2
2014-04-20,1250.45,16,2
2014-04-21,845.36,11,2
2014-04-22,257.752,11,1
2014-04-23,643.98,20,3
2014-04-25,2379.9939999999997,21,3
2014-04-26,282.568,16,2
2014-04-28,2578.476,29,4
2014-04-29,768.8439999999999,16,4
2014-04-30,1048.74,13,2
2014-05-02,506.12,5,2
2014-05-03,72.632,13,2
2014-05-04,187.43200000000002,25,4
2014-05-05,260.977,15,4
2014-05-06,254.456,16,2
2014-05-07,1091.35,12,1
2014-05-08,1799.97,5,1
2014-05-09,394.48,25,2
2014-05-10,2343.799,34,3
2014-05-11,1642.802,32,5
2014-05-12,734.846,10,2
2014-05-13,898.382,23,4
2014-05-14,310.88,2,1
2014-05-16,289.28,8,2
2014-05-17,91.68,3,1
2014-05-18,948.9480000000001,10,3
2014-05-19,91.62,14,2
2014-05-20,320.10400000000004,32,2
2014-05-21,4264.3279999999995,46,4
2014-05-22,180.93,3,1
2014-05-23,323.75800000000004,23,3
2014-05-24,116.28,3,1
2014-05-25,119.53999999999999,6,2
2014-05-26,1325.718,21,4
2014-05-27,2157.394,33,3
2014-05-28,221.96800000000002,14,2
2014-05-30,1924.913,27,5
2014-05-31,773.7,6,1
2014-06-01,5188.5199999999995,55,4
2014-06-02,738.598,16,2
2014-06-03,741.336,22,3
2014-06-04,456.272,12,2
2014-06-06,1374.0010000000002,34,5
2014-06-07,281.397,6,2
2014-06-08,2501.264,14,3
2014-06-09,5463.008,66,5
2014-06-10,491.55,5,1
2014-06-13,14.52,3,1
2014-06-14,212.94,3,1
2014-06-15,942.9739999999999,11,2
2014-06-16,763.792,20,2
2014-06-17,3418.5020000000004,16,3
2014-06-18,139.8,5,1
2014-06-20,1828.9496,32,2
2014-06-21,4107.443,56,7
2014-06-22,1975.498,26,4
2014-06-23,109.49600000000001,13,2
2014-06-24,4.272,2,1
2014-06-25,792.76,22,2
2014-06-27,616.14,10,1
2014-06-28,1645.791,24,2
2014-06-29,46.68,10,2
2014-06-30,739.624,38,6
2014-07-01,601.0239999999999,13,2
2014-07-02,79.56,3,1
2014-07-04,247.40800000000002,14,2
2014-07-05,1444.104,41,5
2014-07-06,1038.472,3,2
2014-07-07,241.19400000000002,4,1
2014-07-08,763.0740000000001,10,2
2014-07-09,265.521,30,3
2014-07-11,2187.206,43,4
2014-07-12,1960.012,58,5
2014-07-13,351.216,3,1
2014-07-14,292.594,27,5
2014-07-15,9.51,6,1
2014-07-18,273.04,6,2
2014-07-19,461.326,8,2
2014-07-20,2285.786,44,5
2014-07-21,1961.482,24,3
2014-07-22,1348.344,31,4
2014-07-23,2613.1839999999997,43,3
2014-07-25,8341.289999999999,22,2
2014-07-26,5039.994,76,5
2014-07-27,580.06,15,3
2014-07-28,193.152,18,1
2014-07-30,1367.84,8,1
2014-08-01,228.328,15,3
2014-08-02,886.28,9,1
2014-08-03,477.994,20,3
2014-08-04,2743.154,51,2
2014-08-05,2408.7239999999997,37,5
2014-08-06,262.89,5,2
2014-08-08,3955.629,55,5
2014-08-09,3605.6850000000004,35,6
2014-08-11,451.62,5,2
2014-08-12,1832.38,61,4
2014-08-15,842.7819999999999,38,4
2014-08-16,853.092,6,1
2014-08-17,500.342,23,2
2014-08-19,1439.106,29,5
2014-08-20,1838.722,18,2
2014-08-22,23.104,6,3
2014-08-23,565.224,44,4
2014-08-24,59.74,10,3
2014-08-25,1451.6499999999999,67,5
2014-08-26,366.81,22,3
2014-08-27,2070.13,23,3
2014-08-29,832.3225,13,2
2014-08-30,121.24,8,1
2014-08-31,92.52,9,1
2014-09-01,469.436,17,3
2014-09-02,3254.15,28,7
2014-09-03,22.08,10,2
2014-09-05,296.304,4,2
2014-09-06,100.36,14,1
2014-09-07,3523.875,78,7
2014-09-08,14228.428,112,11
2014-09-09,4043.5879999999997,56,6
2014-09-10,1855.2279999999998,23,3
2014-09-11,127.95,3,1
2014-09-12,4904.66,39,6
2014-09-13,1275.408,53,7
2014-09-14,5023.716,77,6
2014-09-15,133.436,9,2
2014-09-16,33.552,1,1
2014-09-17,820.523,53,5
2014-09-19,9338.637,38,7
2014-09-20,5335.968000000001,63,8
2014-09-21,2679.652,55,7
2014-09-22,1240.266,24,4
2014-09-23,10662.337000000001,48,7
2014-09-24,211.96,4,1
2014-09-25,354.88880000000006,16,2
2014-09-26,1480.614,49,8
2014-09-27,773.4399999999999,10,2
2014-09-28,490.29200000000003,17,3
2014-09-29,8109.07,73,5
2014-09-30,987.532,26,6
2014-10-01,4.71,1,1
2014-10-02,598.144,18,1
2014-10-03,862.683,37,5
2014-10-04,728.7479999999999,16,3
2014-10-05,191.9,7,2
2014-10-06,494.71,12,4
2014-10-07,237.35999999999999,15,2
2014-10-08,147.392,7,2
2014-10-09,249.35999999999999,6,2
2014-10-10,2049.386,42,5
2014-10-11,1381.164,33,5
2014-10-12,58.53,8,2
2014-10-13,2212.182,35,4
2014-10-14,4525.484,57,4
2014-10-15,206.72400000000002,5,2
2014-10-16,194.322,6,1
2014-10-17,136.068,10,2
2014-10-18,3134.916,39,4
2014-10-19,641.104,27,3
2014-10-20,1501.104,20,3
2014-10-21,1356.602,20,3
2014-10-22,223.808,8,2
2014-10-24,56.49,8,3
2014-10-25,103.882,10,2
2014-10-26,447.88,9,1
2014-10-27,22.32,5,1
2014-10-28,1510.5819999999999,19,2
2014-10-29,2813.8120000000004,10,2
2014-10-31,5362.026,83,5
2014-11-01,4732.08,81,9
2014-11-02,2126.37,49,6
2014-11-03,2784.163,52,8
2014-11-04,6693.7480000000005,50,6
2014-11-05,1694.564,31,4
2014-11-06,43.68,6,1
2014-11-07,1449.142,57,6
2014-11-08,333.576,3,1
2014-11-09,1574.094,36,2
2014-11-10,2002.556,49,2
2014-11-11,8114.548,93,9
2014-11-12,1054.7612,35,5
2014-11-14,1034.73,37,5
2014-11-15,1780.822,29,4
2014-11-16,1355.9285,36,5
2014-11-17,11544.274,58,7
2014-11-18,3406.855,76,9
2014-11-19,7226.086,51,7
2014-11-20,907.5600000000001,16,1
2014-11-21,1249.622,24,4
2014-11-22,1103.298,30,5
2014-11-23,1363.28,36,7
2014-11-24,5578.606,75,11
2014-11-25,4415.695,58,6
2014-11-26,1705.99,52,5
2014-11-27,203.66,7,2
2014-11-28,2280.83,55,7
2014-11-29,649.044,13,4
2014-11-30,219.154,24,3
2014-12-01,5624.39,46,6
2014-12-02,1771.808,64,6
2014-12-03,505.88,8,2
2014-12-04,129.98,2,1
2014-12-05,2963.642,69,7
2014-12-06,1970.978,36,5
2014-12-07,548.4,17,4
2014-12-08,1095.12,53,4
2014-12-09,1522.652,28,5
2014-12-10,573.336,20,2
2014-12-12,4938.4045,36,5
2014-12-13,293.152,18,5
2014-12-14,7641.658,23,5
2014-12-15,1264.466,19,4
2014-12-16,4394.187,63,8
2014-12-17,45.534,7,2
2014-12-19,3436.7599999999998,53,4
2014-12-20,6962.4400000000005,81,10
2014-12-21,1933.44,17,3
2014-12-22,798.968,32,4
2014-12-23,942.108,29,4
2014-12-24,1950.202,32,5
2014-12-26,2041.414,55,7
2014-12-27,2966.388,65,9
2014-12-28,3732.2960000000003,33,3
2014-12-29,2072.096,67,7
2014-12-30,2172.6510000000003,43,7
2014-12-31,5253.2699999999995,63,7
2015-01-02,1932.096,29,2
2015-01-03,1768.2215999999999,19,2
2015-01-04,264.46000000000004,22,2
2015-01-05,295.272,20,3
2015-01-06,31.538,7,1
2015-01-09,364.07,13,1
2015-01-10,1018.104,4,1
2015-01-12,854.614,16,2
2015-01-13,622.278,18,2
2015-01-17,350.384,17,3
2015-01-19,301.742,5,1
2015-01-23,43.66,5,1
2015-01-24,13.12,5,1
2015-01-26,182.72,8,1
2015-01-27,3573.252,12,2
2015-01-28,4297.644,13,1
2015-01-30,2161.6400000000003,16,2
2015-01-31,99.26,7,1
2015-02-03,492.836,22,5
2015-02-06,2432.544,34,4
2015-02-07,324.10999999999996,7,1
2015-02-08,129.09199999999998,8,2
2015-02-09,785.5519999999999,19,4
2015-02-10,77.24,5,1
2015-02-14,1079.962,23,2
2015-02-15,1602.38,31,2
2015-02-16,160.43,16,2
2015-02-18,105.844,6,2
2015-02-20,316.78000000000003,8,2
2015-02-21,2591.1,6,2
2015-02-22,79.36,4,1
2015-02-23,37.775999999999996,8,1
2015-02-25,25.869999999999997,5,1
2015-02-27,1159.2710000000002,27,3
2015-02-28,551.264,10,1
2015-03-01,1642.1743999999999,23,5
2015-03-02,899.5699999999999,10,2
2015-03-05,1969.267,57,7
2015-03-06,1555.244,9,1
2015-03-07,807.54,10,1
2015-03-08,2563.2960000000003,29,4
2015-03-09,478.008,10,2
2015-03-10,90.93199999999999,8,2
2015-03-12,51.016000000000005,12,2
2015-03-13,1384.856,14,2
2015-03-14,707.9000000000001,10,2
2015-03-15,16.776,3,1
2015-03-16,7230.209999999999,27,6
2015-03-17,48.84,3,1
2015-03-19,5652.9396,45,7
2015-03-20,1548.194,40,4
2015-03-21,1270.3790000000001,21,1
2015-03-22,2481.424,43,5
2015-03-23,633.302,28,4
2015-03-24,412.95,10,3
2015-03-26,4623.37,30,4
2015-03-27,83.7,5,1
2015-03-28,243.344,13,3
2015-03-29,1559.0800000000002,30,5
2015-03-30,571.224,14,2
2015-03-31,200.716,11,2
2015-04-02,299.22,23,4
2015-04-04,1484.598,20,2
2015-04-05,2974.058,56,5
2015-04-06,140.004,25,2
2015-04-07,907.436,23,3
2015-04-09,757.992,9,3
2015-04-10,169.54199999999997,9,2
2015-04-11,1328.346,20,3
2015-04-12,40.74,3,1
2015-04-13,3192.6780000000003,40,8
2015-04-14,35.208,1,1
2015-04-16,4161.972,54,5
2015-04-17,2745.106,34,2
2015-04-18,2006.96,57,6
2015-04-19,329.96,6,1
2015-04-20,1194.726,16,3
2015-04-21,893.0899999999999,13,1
2015-04-22,152.916,6,1
2015-04-24,25.99,1,1
2015-04-25,920.946,23,5
2015-04-26,2090.1055,27,4
2015-04-27,2719.59,21,2
2015-04-28,4044.3619999999996,14,2
2015-04-29,7.968,2,1
2015-04-30,1571.695,40,4
2015-05-01,450.94,21,3
2015-05-02,167.232,6,1
2015-05-03,2198.76,45,4
2015-05-04,1121.362,23,4
2015-05-07,305.622,8,2
2015-05-08,3981.968,36,5
2015-05-09,48.81,3,1
2015-05-10,154.442,11,2
2015-05-11,191.968,7,1
2015-05-12,1060.35,34,5
2015-05-13,238.384,6,1
2015-05-14,3141.1994999999997,46,3
2015-05-15,69.908,5,2
2015-05-16,255.968,4,1
2015-05-17,134.46800000000002,22,2
2015-05-18,10.86,2,1
2015-05-20,169.54399999999998,8,1
2015-05-21,72.332,14,3
2015-05-22,3862.0980000000004,22,1
2015-05-23,1304.956,31,4
2015-05-24,610.3069999999999,13,1
2015-05-25,1739.4180000000001,36,5
2015-05-26,982.5640000000001,23,3
2015-05-28,794.146,30,4
2015-05-29,1204.842,31,4
2015-05-30,681.1,12,2
2015-05-31,5178.138,76,8
2015-06-01,834.1980000000001,37,3
2015-06-04,1192.31,16,3
2015-06-05,1533.1979999999999,11,2
2015-06-07,59.768,17,2
2015-06-08,1083.112,40,2
2015-06-09,797.116,25,4
2015-06-11,3373.5640000000003,47,2
2015-06-12,174.476,15,4
2015-06-13,1128.898,28,5
2015-06-14,51.072,6,1
2015-06-15,734.144,18,3
2015-06-16,3443.904,15,3
2015-06-18,1883.087,46,5
2015-06-19,446.346,15,4
2015-06-20,829.544,18,3
2015-06-21,107.976,3,1
2015-06-22,2018.953,13,3
2015-06-23,836.9580000000001,19,3
2015-06-25,857.08,37,4
2015-06-26,1592.1960000000001,30,4
2015-06-28,1386.466,22,3
2015-06-29,432.92600000000004,8,4
2015-07-02,1631.902,46,5
2015-07-03,823.982,17,2
2015-07-04,1138.288,9,3
2015-07-05,121.646,23,4
2015-07-06,1379.812,24,4
2015-07-08,21.12,5,1
2015-07-09,1587.114,54,5
2015-07-10,43.286,5,2
2015-07-11,1941.952,52,3
2015-07-12,2052.567,32,2
2015-07-13,2033.2559999999999,25,3
2015-07-14,860.9159999999999,15,1
2015-07-16,3029.386,36,3
2015-07-17,448.082,14,3
2015-07-18,672.418,10,3
2015-07-19,2.025,1,1
2015-07-20,2693.168,41,2
2015-07-23,208.272,9,2
2015-07-24,525.95,32,1
2015-07-25,2395.024,31,4
2015-07-26,969.225,24,5
2015-07-27,29.97,3,1
2015-07-30,443.802,23,3
2015-07-31,3712.162,26,3
2015-08-01,1011.696,10,1
2015-08-02,1290.478,16,3
2015-08-05,72.65,16,1
2015-08-06,494.86920000000003,16,2
2015-08-07,968.206,35,6
2015-08-08,840.102,17,3
2015-08-09,4878.392000000001,55,5
2015-08-10,851.4739999999999,28,3
2015-08-11,196.112,7,2
2015-08-13,586.896,25,6
2015-08-15,497.59000000000003,12,2
2015-08-16,3378.9320000000002,46,3
2015-08-17,381.64,25,2
2015-08-21,2827.52,55,5
2015-08-22,66.632,10,2
2015-08-23,1202.278,46,2
2015-08-24,7194.775000000001,62,6
2015-08-25,178.52599999999998,13,2
2015-08-27,639.9739999999999,13,3
2015-08-28,6491.293,48,4
2015-08-29,246.5,9,1
2015-08-31,2601.797,34,4
2015-09-01,2367.564,21,2
2015-09-03,1874.898,40,8
2015-09-04,1071.284,23,4
2015-09-05,934.1030000000001,39,4
2015-09-06,1005.654,30,8
2015-09-07,2922.667,51,7
2015-09-08,89.64,19,2
2015-09-10,1415.726,35,7
2015-09-11,1962.13,52,5
2015-09-12,707.824,21,3
2015-09-13,3445.772,54,6
2015-09-14,3262.42,33,5
2015-09-15,2535.85,44,5
2015-09-16,31.12,4,1
2015-09-17,11525.006,86,7
2015-09-18,3924.32,62,6
2015-09-19,500.38,30,6
2015-09-20,1836.052,37,5
2015-09-21,6982.058,75,7
2015-09-22,1783.504,33,5
2015-09-24,4220.594,70,10
2015-09-25,3033.757,59,11
2015-09-26,3722.273,93,7
2015-09-27,2382.958,42,5
2015-09-28,1058.364,33,4
2015-10-01,1158.414,21,4
2015-10-02,1269.266,62,9
2015-10-03,275.218,14,3
2015-10-04,505.58,12,3
2015-10-05,851.092,23,5
2015-10-08,222.12,10,3
2015-10-09,2133.5350000000003,48,5
2015-10-10,2248.194,22,4
2015-10-11,1011.8955,8,2
2015-10-12,2390.758,40,4
2015-10-13,371.65999999999997,10,1
2015-10-15,3219.554,33,5
2015-10-16,824.97,3,1
2015-10-17,77.88,2,1
2015-10-18,378.494,17,2
2015-10-19,2135.09,23,4
2015-10-20,720.086,21,3
2015-10-22,15.128,5,2
2015-10-23,2262.296,59,5
2015-10-24,831.145,24,3
2015-10-25,1425.412,24,4
2015-10-26,1395.333,37,3
2015-10-28,104.51,16,1
2015-10-29,244.24,9,1
2015-10-30,2122.044,21,4
2015-10-31,3211.009,67,5
2015-11-01,3106.1059999999998,35,7
2015-11-02,5528.551,59,7
2015-11-03,2800.846,25,3
2015-11-05,834.874,33,7
2015-11-06,11.481,6,1
2015-11-07,3073.073,56,7
2015-11-08,12196.997,113,11
2015-11-09,4620.2919999999995,47,6
2015-11-10,3536.904,25,4
2015-11-11,542.178,9,1
2015-11-12,1127.992,37,4
2015-11-13,3591.0771999999997,96,10
2015-11-14,2512.71,40,6
2015-11-15,702.17,47,4
2015-11-16,4072.334,45,5
2015-11-17,3885.986,47,3
2015-11-19,1040.784,12,3
2015-11-20,2861.15,102,13
2015-11-21,3613.5748,78,8
2015-11-22,614.499,52,9
2015-11-23,3450.1879999999996,39,3
2015-11-24,1218.7640000000001,49,3
2015-11-25,13.12,5,1
2015-11-26,1484.0819999999999,27,3
2015-11-27,3109.7835,60,8
2015-11-28,1864.482,58,8
2015-11-29,2760.168,43,5
2015-11-30,1798.3970000000002,65,8
2015-12-01,7130.594,62,7
2015-12-03,1972.645,41,7
2015-12-04,5185.814,72,7
2015-12-05,897.322,38,8
2015-12-06,6061.502,110,12
2015-12-07,1338.298,29,5
2015-12-08,2672.728,31,4
2015-12-09,34.02,3,1
2015-12-10,3080.38,70,8
2015-12-11,1590.894,71,7
2015-12-12,1448.854,47,8
2015-12-13,1023.386,27,4
2015-12-14,858.304,28,8
2015-12-15,5494.796,37,4
2015-12-16,4.98,1,1
2015-12-17,1918.492,43,3
2015-12-18,935.288,37,5
2015-12-19,6120.656,52,7
2015-12-20,1107.464,28,8
2015-12-21,3257.7599999999998,49,6
2015-12-22,473.313,13,2
2015-12-23,194.32,4,1
2015-12-24,7484.566000000001,80,7
2015-12-25,4204.968,47,8
2015-12-26,561.486,15,4
2015-12-27,5148.4472,95,10
2015-12-28,79.2,4,2
2015-12-29,6.36,2,1
2015-12-30,3251.34,18,1
2015-12-31,1381.344,49,5
2016-01-02,405.91999999999996,5,1
2016-01-03,2095.83,21,3
2016-01-04,1069.22,11,2
2016-01-05,255.904,10,1
2016-01-07,83.576,9,2
2016-01-08,1859.1580000000001,25,2
2016-01-09,743.0459999999999,16,2
2016-01-10,174.75,11,2
2016-01-11,149.444,22,2
2016-01-14,405.344,10,1
2016-01-15,701.923,26,4
2016-01-16,102.21799999999999,5,1
2016-01-17,1040.55,11,2
2016-01-21,1167.056,9,1
2016-01-22,917.63,48,7
2016-01-23,1732.3,28,2
2016-01-24,31.36,4,1
2016-01-25,858.712,24,2
2016-01-28,39.68,2,1
2016-01-30,3107.316,41,5
2016-01-31,1601.5539999999999,20,4
2016-02-01,161.97,9,2
2016-02-02,8996.784,24,3
2016-02-03,866.4,4,1
2016-02-04,197.868,6,3
2016-02-05,2994.476,55,2
2016-02-06,132.224,4,1
2016-02-07,762.142,14,3
2016-02-08,1369.476,7,2
2016-02-09,121.83,5,1
2016-02-11,69.93,7,1
2016-02-12,1366.04,10,1
2016-02-13,146.82,3,1
2016-02-14,837.921,20,2
2016-02-15,407.072,7,1
2016-02-16,1135.638,27,4
2016-02-19,392.65999999999997,13,3
2016-02-20,16.496,2,1
2016-02-21,1524.126,42,4
2016-02-22,983.17,18,2
2016-02-23,57.576,3,1
2016-02-25,46.72,5,1
2016-02-27,243.892,8,3
2016-02-28,36.48,6,1
2016-02-29,111.104,7,1
2016-03-01,6285.8060000000005,20,2
2016-03-03,7264.422,59,6
2016-03-04,315.45,10,4
2016-03-05,162.344,4,1
2016-03-06,811.303,20,2
2016-03-07,21.072,3,1
2016-03-08,2190.81,54,6
2016-03-09,635.6,18,2
2016-03-10,7879.734,22,5
2016-03-11,896.0219999999999,18,4
2016-03-12,1694.6419999999998,24,4
2016-03-13,8866.882,70,6
2016-03-14,669.3679999999999,28,5
2016-03-15,2356.808,37,4
2016-03-17,2360.3340000000003,21,4
2016-03-18,1061.682,6,2
2016-03-19,138.68,9,3
2016-03-20,928.311,23,4
2016-03-21,645.7059999999999,13,2
2016-03-22,226.46800000000002,9,2
2016-03-24,745.774,10,3
2016-03-25,1346.97,8,2
2016-03-26,682.246,19,3
2016-03-27,92.69999999999999,7,1
2016-03-28,125.30000000000001,7,2
2016-03-29,2659.339,48,3
2016-03-30,11.34,1,1
2016-03-31,640.762,11,2
2016-04-01,2161.48,61,7
2016-04-02,1454.9,5,1
2016-04-03,441.198,20,3
2016-04-04,970.194,15,3
2016-04-05,1046.3339999999998,14,2
2016-04-06,1294.75,5,1
2016-04-07,1970.574,16,5
2016-04-08,2906.404,76,8
2016-04-09,1115.197,18,3
2016-04-10,950.594,32,4
2016-04-12,1542.53,34,4
2016-04-13,6.12,3,1
2016-04-14,1466.572,20,4
2016-04-15,2201.8559999999998,33,4
2016-04-16,9335.086000000001,31,4
2016-04-17,421.08500000000004,22,4
2016-04-18,2514.538,29,4
2016-04-19,1414.132,47,3
2016-04-21,271.616,31,3
2016-04-22,1765.4650000000001,37,5
2016-04-23,720.368,35,4
2016-04-24,1607.1,15,3
2016-04-25,108.42,7,1
2016-04-26,434.646,3,1
2016-04-28,486.672,14,4
2016-04-30,142.208,12,3
2016-05-01,517.866,13,2
2016-05-02,1098.136,42,6
2016-05-03,1099.013,31,2
2016-05-05,2701.28,40,8
2016-05-06,236.96,20,4
2016-05-07,4835.976,32,1
2016-05-08,1340.2440000000001,16,3
2016-05-09,1283.512,48,7
2016-05-10,763.0200000000001,6,3
2016-05-11,5.98,1,1
2016-05-12,918.878,25,5
2016-05-14,455.93,37,3
2016-05-15,648.9119999999999,26,4
2016-05-16,880.4599999999999,20,3
2016-05-17,346.922,36,3
2016-05-18,122.22,6,1
2016-05-19,1582.008,42,5
2016-05-20,2471.913,23,4
2016-05-21,2718.2140000000004,31,5
2016-05-22,1799.2,29,3
2016-05-23,10560.978000000001,23,4
2016-05-24,277.756,12,2
2016-05-25,1311.97,15,1
2016-05-26,1975.356,58,6
2016-05-27,5305.078,27,3
2016-05-28,2137.324,56,5
2016-05-29,1063.185,18,2
2016-05-30,8090.578,109,10
2016-05-31,438.85900000000004,21,2
2016-06-02,157.844,19,2
2016-06-03,71.088,2,1
2016-06-04,2316.5229999999997,38,3
2016-06-05,659.82,30,4
2016-06-06,6026.312,67,7
2016-06-07,51.562,13,3
2016-06-09,1688.4720000000002,11,4
2016-06-10,1412.3960000000002,19,2
2016-06-11,1623.416,40,4
2016-06-12,2962.563,94,8
2016-06-13,430.43800000000005,8,3
2016-06-14,3457.099,38,6
2016-06-15,173.488,7,1
2016-06-16,147.27499999999998,9,3
2016-06-17,3000.92,60,7
2016-06-18,541.938,9,2
2016-06-19,17.12,2,1
2016-06-20,1229.548,59,6
2016-06-21,577.108,14,2
2016-06-23,2475.094,48,4
2016-06-24,5310.952,23,4
2016-06-25,893.266,20,3
2016-06-26,1919.6000000000001,57,9
2016-06-27,778.7059999999999,12,2
2016-06-28,877.156,20,3
2016-06-29,191.88,6,1
2016-06-30,1352.9499999999998,17,2
2016-07-01,1724.376,25,4
2016-07-02,772.786,16,3
2016-07-03,847.6999999999999,16,3
2016-07-04,1651.301,27,2
2016-07-07,3882.2309999999998,59,6
2016-07-08,2616.512,41,5
2016-07-09,573.286,6,1
2016-07-10,895.895,18,4
2016-07-12,95.76,6,1
2016-07-14,2149.96,79,10
2016-07-15,380.2,13,2
2016-07-16,910.17,44,4
2016-07-17,2184.88,51,5
2016-07-18,2891.858,46,6
2016-07-19,1536.454,29,2
2016-07-20,89.95,5,1
2016-07-21,991.095,27,4
2016-07-22,1368.048,43,5
2016-07-23,654.587,31,4
2016-07-24,326.964,7,2
2016-07-25,5920.488,90,10
2016-07-28,2033.374,36,4
2016-07-29,819.154,13,3
2016-07-30,1770.7759999999998,11,3
2016-07-31,2174.1580000000004,19,2
2016-08-01,1124.648,8,3
2016-08-02,482.584,7,1
2016-08-03,248.82,15,1
2016-08-04,497.90999999999997,27,3
2016-08-05,197.05,7,1
2016-08-06,320.38800000000003,15,3
2016-08-07,179.97,3,1
2016-08-08,1115.204,25,4
2016-08-09,661.3539999999999,23,2
2016-08-11,151.82,14,1
2016-08-12,3951.9605,29,6
2016-08-13,731.524,34,5
2016-08-14,923.688,21,3
2016-08-15,1680.2659999999998,32,5
2016-08-16,204.54000000000002,10,3
2016-08-17,15.712,4,1
2016-08-18,496.114,26,4
2016-08-19,448.792,13,1
2016-08-20,14.78,2,1
2016-08-21,4798.2919999999995,64,5
2016-08-22,405.35,24,6
2016-08-23,4187.348,73,4
2016-08-26,4874.298,69,12
2016-08-27,767.9110000000001,46,4
2016-08-28,322.0248,29,3
2016-08-29,632.188,37,4
2016-08-30,1656.8700000000001,34,2
2016-08-31,23.968,2,1
2016-09-01,5766.152,65,6
2016-09-02,6792.193,101,10
2016-09-03,2365.596,59,9
2016-09-04,4532.0419999999995,60,8
2016-09-05,5226.348,145,19
2016-09-06,1313.536,23,5
2016-09-08,4493.9836000000005,67,10
2016-09-09,84.992,10,3
2016-09-10,2094.324,35,6
2016-09-11,6501.586,67,9
2016-09-12,2043.792,47,6
2016-09-13,2374.73,46,1
2016-09-14,1137.338,9,2
2016-09-15,2101.1820000000002,27,5
2016-09-16,425.88599999999997,10,3
2016-09-17,2043.126,44,9
2016-09-18,4751.082,46,8
2016-09-19,3839.312,59,9
2016-09-20,1232.004,34,5
2016-09-22,615.57,64,11
2016-09-23,1322.145,51,7
2016-09-24,2286.05,47,8
2016-09-25,3443.091,73,8
2016-09-26,2698.1665,58,10
2016-09-27,1992.9858,18,4
2016-09-28,99.136,4,1
2016-09-29,1307.792,40,8
2016-09-30,525.884,7,2
2016-10-01,781.414,28,5
2016-10-02,18452.972,27,3
2016-10-03,1680.696,23,4
2016-10-04,5912.782,28,4
2016-10-06,830.4000000000001,24,2
2016-10-07,973.712,21,5
2016-10-08,561.5360000000001,21,4
2016-10-09,546.92,15,3
2016-10-10,282.75300000000004,16,3
2016-10-11,33.064,5,1
2016-10-13,1650.618,77,4
2016-10-14,3335.888,29,4
2016-10-15,1620.15,63,3
2016-10-16,142.182,1,1
2016-10-17,2953.346,19,4
2016-10-18,307.92,5,1
2016-10-20,946.174,42,6
2016-10-21,7951.592,91,12
2016-10-22,188.28,16,3
2016-10-23,467.42199999999997,25,3
2016-10-24,1365.498,18,5
2016-10-25,783.96,5,1
2016-10-27,978.7900000000001,40,5
2016-10-28,2899.0209999999997,70,8
2016-10-29,131.154,12,3
2016-10-30,159.002,12,3
2016-10-31,3750.4990000000003,34,5
2016-11-01,453.374,17,3
2016-11-03,3802.7960000000003,97,8
2016-11-04,3888.8179999999998,78,10
2016-11-05,4266.8988,71,9
2016-11-06,773.2560000000001,16,3
2016-11-07,3810.464,57,11
2016-11-08,993.9000000000001,5,1
2016-11-09,479.97,3,1
2016-11-10,4723.478,144,14
2016-11-11,4944.296,66,9
2016-11-12,4914.938,73,5
2016-11-13,2945.138,47,9
2016-11-14,2774.0620000000004,42,9
2016-11-15,2145.718,17,4
2016-11-16,36.72,10,2
2016-11-17,142.684,15,3
2016-11-18,3958.9320000000002,40,8
2016-11-19,638.462,69,7
2016-11-20,3070.333,87,10
2016-11-21,1176.891,42,7
2016-11-22,317.044,44,4
2016-11-23,100.61599999999999,14,1
2016-11-24,6394.5380000000005,94,13
2016-11-25,7978.551,53,7
2016-11-26,8329.743,77,9
2016-11-27,1651.239,57,8
2016-11-28,3428.372,48,4
2016-11-29,300.592,6,2
2016-11-30,970.142,17,2
2016-12-01,7365.455,89,12
2016-12-02,4684.616,78,7
2016-12-03,5269.816,60,6
2016-12-04,944.2860000000001,24,4
2016-12-05,5267.004,70,10
2016-12-06,3878.276,93,4
2016-12-08,4709.095,65,8
2016-12-09,1855.483,58,9
2016-12-10,3459.71,64,8
2016-12-11,6102.25,112,9
2016-12-12,1981.115,61,5
2016-12-13,1194.088,13,3
2016-12-14,828.654,35,3
2016-12-15,2637.087,19,5
2016-12-16,628.5419999999999,20,5
2016-12-17,12185.134,38,5
2016-12-18,7051.35,86,9
2016-12-19,815.1120000000001,29,4
2016-12-20,134.54,14,3
2016-12-22,1043.128,32,4
2016-12-23,6965.857,68,8
2016-12-24,1938.26,45,5
2016-12-25,10488.055,77,8
2016-12-26,1829.418,34,7
2016-12-27,959.49,30,6
2016-12-29,1277.68,48,8
2016-12-30,773.774,25,6
2016-12-31,731.768,27,5
2017-01-01,1481.8280000000002,56,4
2017-01-02,2079.554,26,3
2017-01-03,2070.272,17,2
2017-01-06,33.74,7,1
2017-01-07,3395.59,27,3
2017-01-08,892.98,2,1
2017-01-09,274.491,3,1
2017-01-12,848.52,14,3
2017-01-13,4619.33,19,1
2017-01-14,1056.038,70,5
2017-01-15,2140.28,31,4
2017-01-16,6230.2919999999995,25,2
2017-01-19,2013.715,22,3
2017-01-20,767.838,21,5
2017-01-21,2546.643,58,4
2017-01-22,4212.372,21,2
2017-01-23,450.334,22,3
2017-01-24,418.66599999999994,11,2
2017-01-26,3055.2799999999997,30,4
2017-01-27,331.914,12,2
2017-01-28,1007.52,20,3
2017-01-29,294.842,31,5
2017-01-30,3749.335,52,6
2017-02-02,913.354,32,3
2017-02-03,922.327,19,3
2017-02-04,32.67,3,1
2017-02-05,2263.012,19,2
2017-02-06,904.354,19,4
2017-02-09,773.7639999999999,19,3
2017-02-10,227.103,6,2
2017-02-11,1241.516,18,4
2017-02-13,1058.43,25,4
2017-02-16,1337.442,21,3
2017-02-17,2964.8174,43,5
2017-02-18,287.326,8,1
2017-02-19,1314.59,16,3
2017-02-20,1150.29,33,4
2017-02-21,47.904,1,1
2017-02-23,117.79999999999998,16,2
2017-02-24,1448.676,14,2
2017-02-25,430.49199999999996,10,2
2017-02-26,2847.6459999999997,38,3
2017-02-28,17.62,3,1
2017-03-02,1450.126,45,6
2017-03-03,2000.1039999999998,34,5
2017-03-04,228.822,14,3
2017-03-05,1240.02,28,3
2017-03-06,778.236,40,5
2017-03-07,166.59,12,2
2017-03-08,843.1,17,2
2017-03-09,710.804,9,2
2017-03-10,1252.952,24,5
2017-03-11,1973.708,19,3
2017-03-12,353.28,19,3
2017-03-13,4791.35,71,8
2017-03-14,49.616,2,1
2017-03-16,2014.381,44,4
2017-03-17,542.746,56,4
2017-03-18,1027.758,43,6
2017-03-19,2166.248,50,5
2017-03-20,899.568,21,4
2017-03-21,3332.636,45,6
2017-03-23,14816.068,33,6
2017-03-24,1257.298,17,4
2017-03-25,3567.026,46,6
2017-03-26,3252.88,39,5
2017-03-27,2933.516,38,4
2017-03-28,1504.702,35,2
2017-03-29,81.4,5,1
2017-03-30,656.407,16,5
2017-03-31,4981.010799999999,63,8
2017-04-01,5972.988,60,6
2017-04-02,822.97,16,4
2017-04-03,32.528,7,2
2017-04-04,808.47,13,4
2017-04-06,114.41999999999999,8,2
2017-04-07,1971.2905,17,2
2017-04-08,6401.93,32,4
2017-04-09,1626.71,38,4
2017-04-10,755.529,29,5
2017-04-11,319.806,28,4
2017-04-12,69.66,9,1
2017-04-13,1345.8239999999998,17,3
2017-04-14,652.93,30,5
2017-04-15,332.338,19,6
2017-04-16,944.429,30,6
2017-04-17,3431.4590000000003,61,4
2017-04-20,2033.24,44,5
2017-04-21,1254.564,30,5
2017-04-22,947.692,8,3
2017-04-23,1199.222,56,7
2017-04-24,928.558,27,6
2017-04-25,678.113,36,6
2017-04-26,61.608000000000004,12,2
2017-04-27,576.5756,24,3
2017-04-28,795.296,8,3
2017-04-29,1053.26,6,2
2017-04-30,1390.1260000000002,68,12
2017-05-01,4108.37,21,3
2017-05-02,399.11,20,3
2017-05-03,1386.346,39,3
2017-05-04,1389.4050000000002,28,5
2017-05-05,185.123,26,4
2017-05-06,3183.3698,73,8
2017-05-07,2549.468,18,3
2017-05-08,3658.5540000000005,23,5
2017-05-09,1078.222,21,2
2017-05-11,449.469,28,4
2017-05-12,970.384,45,6
2017-05-13,3066.378,37,5
2017-05-14,4182.062,83,7
2017-05-15,421.264,15,3
2017-05-16,221.024,2,1
2017-05-18,1830.508,59,7
2017-05-19,4919.182,86,10
2017-05-20,2997.578,52,4
2017-05-21,538.02,8,1
2017-05-22,336.56199999999995,25,4
2017-05-23,241.436,14,2
2017-05-25,886.026,22,3
2017-05-26,270.24,9,3
2017-05-27,2084.908,44,6
2017-05-28,1480.103,44,7
2017-05-29,691.108,24,4
2017-05-30,736.8904,21,5
2017-06-01,5058.362,45,5
2017-06-02,135.70600000000002,20,4
2017-06-03,2952.036,71,6
2017-06-04,279.414,32,6
2017-06-05,491.11199999999997,7,2
2017-06-06,31.349999999999998,6,1
2017-06-08,2227.038,32,6
2017-06-09,939.1329999999999,21,3
2017-06-10,2513.3430000000003,58,9
2017-06-11,1580.894,44,6
2017-06-12,1679.968,33,6
2017-06-13,1156.018,24,3
2017-06-15,4057.51,57,7
2017-06-16,2724.194,47,6
2017-06-17,3896.672,28,5
2017-06-18,1031.1555,18,2
2017-06-19,2115.941,58,7
2017-06-20,1028.228,31,5
2017-06-21,595.656,26,2
2017-06-22,579.019,18,4
2017-06-24,1287.614,43,7
2017-06-25,1508.3519999999999,18,4
2017-06-26,4224.136,85,9
2017-06-27,1644.906,17,3
2017-06-29,4521.9912,52,7
2017-06-30,4721.977,40,8
2017-07-01,639.83,9,1
2017-07-02,169.192,9,1
2017-07-03,6963.4039999999995,77,12
2017-07-05,476.35400000000004,32,2
2017-07-06,380.37800000000004,9,3
2017-07-07,1620.25,26,4
2017-07-08,1980.2640000000001,70,7
2017-07-09,1671.214,43,5
2017-07-10,359.21399999999994,12,3
2017-07-11,1728.892,34,5
2017-07-12,3.816,1,1
2017-07-13,504.542,14,2
2017-07-14,3598.9339999999997,55,2
2017-07-15,2132.229,29,3
2017-07-16,316.636,7,3
2017-07-17,2191.873,32,4
2017-07-18,2106.794,27,2
2017-07-20,2283.208,35,4
2017-07-21,3685.944,95,10
2017-07-22,556.3140000000001,7,2
2017-07-23,898.188,41,8
2017-07-24,2399.96,5,1
2017-07-25,798.742,31,4
2017-07-26,2012.3020000000001,8,1
2017-07-27,1142.68,30,4
2017-07-28,1170.5639999999999,9,1
2017-07-29,1391.294,37,6
2017-07-30,523.376,18,3
2017-07-31,1558.028,38,7
2017-08-01,2085.65,22,5
2017-08-03,531.348,22,6
2017-08-04,20.07,6,2
2017-08-05,503.676,28,3
2017-08-06,1424.026,34,4
2017-08-07,3479.624,56,7
2017-08-10,1823.0700000000002,22,2
2017-08-11,708.726,36,3
2017-08-12,3693.084,51,4
2017-08-13,2643.164,51,4
2017-08-14,440.736,11,2
2017-08-15,1949.872,16,3
2017-08-16,80.564,7,1
2017-08-17,9517.287999999999,70,5
2017-08-18,7078.4839999999995,69,8
2017-08-19,512.446,9,4
2017-08-20,692.95,25,5
2017-08-21,8551.054,95,8
2017-08-22,524.54,3,2
2017-08-23,4590.344,28,1
2017-08-24,685.0560000000002,15,2
2017-08-25,361.988,12,4
2017-08-26,190.66,11,3
2017-08-27,6190.538,82,9
2017-08-28,1443.6319999999998,35,3
2017-08-29,235.46800000000002,25,3
2017-08-31,3162.83,43,8
2017-09-01,1261.81,27,5
2017-09-02,9354.854,126,14
2017-09-03,1595.849,42,8
2017-09-04,5360.202,108,16
2017-09-05,327.044,15,3
2017-09-07,3848.565,85,15
2017-09-08,2184.327,57,8
2017-09-09,4356.061,101,12
2017-09-10,2506.646,56,9
2017-09-11,5564.006,97,10
2017-09-12,491.54999999999995,32,4
2017-09-13,15.92,5,1
2017-09-14,4367.347,66,8
2017-09-15,7285.026,110,13
2017-09-16,849.65,34,7
2017-09-17,4979.226,59,6
2017-09-18,1511.93,73,8
2017-09-19,1648.188,51,7
2017-09-20,7359.918,52,1
2017-09-21,338.172,23,7
2017-09-22,7871.213,91,12
2017-09-23,2395.786,65,11
2017-09-24,6450.4619999999995,92,12
2017-09-25,1412.213,52,7
2017-09-26,1486.576,26,3
2017-09-28,559.271,21,5
2017-09-29,1944.08,67,9
2017-09-30,540.76,27,5
2017-10-01,2978.466,64,6
2017-10-02,5418.022,116,10
2017-10-03,2504.48,30,6
2017-10-04,19.98,1,1
2017-10-05,6684.616,55,5
2017-10-06,1499.652,29,6
2017-10-07,2749.21,53,5
2017-10-08,608.356,12,3
2017-10-09,1496.589,45,6
2017-10-10,239.358,3,1
2017-10-12,5635.354,78,10
2017-10-13,8405.802,62,6
2017-10-14,134.332,23,4
2017-10-15,1017.94,28,6
2017-10-16,3473.5969999999998,39,5
2017-10-17,126.352,9,3
2017-10-19,2781.8702000000003,57,9
2017-10-20,1333.858,42,7
2017-10-21,4537.201,58,10
2017-10-22,15158.877,49,6
2017-10-23,3352.3940000000002,66,5
2017-10-24,529.0849999999999,9,2
2017-10-26,999.868,38,5
2017-10-27,1086.32,38,6
2017-10-28,408.726,20,4
2017-10-29,46.96,8,1
2017-10-30,4025.7299999999996,92,7
2017-10-31,523.928,9,2
2017-11-01,2921.43,25,2
2017-11-02,6294.386,105,12
2017-11-03,4536.937,86,16
2017-11-04,10668.096,58,8
2017-11-05,2355.064,62,8
2017-11-06,4288.75,91,13
2017-11-07,2413.378,50,7
2017-11-08,384.1,15,2
2017-11-09,4751.492,48,7
2017-11-10,4007.5480000000002,64,9
2017-11-11,1815.2179999999998,54,12
2017-11-12,2911.386,94,14
2017-11-13,6633.4202000000005,103,14
2017-11-14,834.6579999999999,45,8
2017-11-15,559.2,8,1
2017-11-16,4755.234,68,12
2017-11-17,13694.8828,64,12
2017-11-18,1469.756,83,8
2017-11-19,7397.272,114,15
2017-11-20,2988.274,68,9
2017-11-21,2236.1839999999997,41,7
2017-11-22,35.712,8,1
2017-11-23,1153.109,59,9
2017-11-24,4959.641,110,15
2017-11-25,3666.157,55,8
2017-11-26,5048.1720000000005,69,8
2017-11-27,1618.254,61,7
2017-11-28,6912.944,65,5
2017-11-29,491.888,7,1
2017-11-30,6645.282,60,11
2017-12-01,5331.178,149,14
2017-12-02,9951.182,152,16
2017-12-03,1403.842,70,8
2017-12-04,2639.638,64,10
2017-12-05,1453.136,75,8
2017-12-06,10.68,1,1
2017-12-07,2916.514,36,7
2017-12-08,7643.041,114,9
2017-12-09,5470.39,120,15
2017-12-10,3873.5589999999997,70,12
2017-12-11,2823.965,63,11
2017-12-13,580.936,25,3
2017-12-14,3897.714,74,6
2017-12-15,306.88800000000003,20,3
2017-12-16,858.702,47,5
2017-12-17,2027.758,38,9
2017-12-18,3645.911,86,9
2017-12-19,1895.926,18,3
2017-12-20,377.736,13,2
2017-12-21,2140.94,38,8
2017-12-22,7442.021,100,12
2017-12-23,1926.776,63,7
2017-12-24,6233.054,54,11
2017-12-25,2698.927,87,10
2017-12-26,814.5939999999999,12,4
2017-12-27,177.636,6,1
2017-12-28,1657.3508000000002,64,10
2017-12-29,2915.534,41,6
2017-12-30,713.7900000000001,23,4
